date,recom,Price
2016-01-01,42,92.1197280883789
2016-01-04,36,93.70738220214844
2016-01-05,42,97.15177154541016
2016-01-06,40,94.91830444335938
2016-01-07,49,92.0614242553711
2016-01-08,51,93.38894653320312
2016-01-11,49,91.46044921875
2016-01-12,48,90.97159576416016
2016-01-13,52,90.0297622680664
2016-01-14,55,90.00733184814453
2016-01-15,57,87.2267074584961
2016-01-18,48,88.88611602783203
2016-01-19,56,89.56782531738281
2016-01-20,66,91.83716583251953
2016-01-21,67,91.97172546386719
2016-01-22,83,95.79732513427734
2016-01-25,100,99.31798553466797
2016-01-27,75,100.57374572753906
2016-01-28,81,97.9680404663086
2016-01-29,95,94.81515502929688
2016-02-01,86,94.23211669921875
2016-02-02,77,89.9938735961914
2016-02-03,88,87.31192016601562
2016-02-04,65,90.65765380859375
2016-02-05,53,93.02120971679688
2016-02-08,38,93.77913665771484
2016-02-09,23,89.6978759765625
2016-02-10,34,91.72056579589844
2016-02-11,57,89.8414077758789
2016-02-12,67,90.68006896972656
2016-02-15,78,93.411376953125
2016-02-16,84,92.720703125
2016-02-17,89,93.95853424072266
2016-02-18,94,94.79271697998047
2016-02-19,78,97.1876449584961
2016-02-22,61,98.90985107421875
2016-02-23,49,100.8204116821289
2016-02-24,48,99.51978302001953
2016-02-25,43,100.96842956542969
2016-02-26,48,98.58695220947266
2016-02-29,52,101.04017639160156
2016-03-01,53,102.5650405883789
2016-03-02,53,101.65011596679688
2016-03-03,57,104.03160095214844
2016-03-04,62,106.33235168457031
2016-03-08,60,106.40412139892578
2016-03-09,55,105.84797668457031
2016-03-10,44,106.37272644042969
2016-03-11,26,106.16192626953125
2016-03-14,11,105.92423248291016
2016-03-15,7,107.18898010253906
2016-03-16,0,107.64641571044922
2016-03-17,15,107.85273742675781
2016-03-18,19,108.79456329345703
2016-03-21,25,109.0681381225586
2016-03-22,18,110.34184265136719
2016-03-23,0,112.00574493408203
2016-03-28,28,110.05032348632812
2016-03-29,18,110.58402252197266
2016-03-30,19,114.06878662109375
2016-03-31,25,115.10479736328125
2016-04-01,27,113.25701904296875
2016-04-04,26,112.99690246582031
2016-04-05,25,112.96998596191406
2016-04-06,36,115.95246887207031
2016-04-07,35,114.57110595703125
2016-04-08,36,114.22127532958984
2016-04-11,18,116.58482360839844
2016-04-12,21,116.40093994140625
2016-04-13,24,117.82263946533203
2016-04-18,47,119.67941284179688
2016-04-20,58,122.13264465332031
2016-04-21,61,121.05626678466797
2016-04-22,73,120.49118041992188
2016-04-25,63,120.66158294677734
2016-04-26,18,122.70221710205078
2016-04-27,31,122.2223129272461
2016-04-28,33,122.74705505371094
2016-04-29,34,123.17313385009766
2016-05-02,37,122.41966247558594
2016-05-03,27,121.70207977294922
2016-05-04,42,118.5537109375
2016-05-05,57,118.3922348022461
2016-05-06,65,118.41016387939453
2016-05-09,73,118.95283508300781
2016-05-10,77,115.512939453125
2016-05-11,83,115.83135223388672
2016-05-12,67,115.05548095703125
2016-05-13,55,113.79969024658203
2016-05-16,70,116.21257019042969
2016-05-17,67,115.71025848388672
2016-05-18,64,117.44143676757812
2016-05-19,71,118.41915893554688
2016-05-20,96,117.05573272705078
2016-05-23,70,118.27112579345703
2016-05-24,69,118.41466522216797
2016-05-25,77,116.6386489868164
2016-05-26,82,118.30702209472656
2016-05-27,71,123.39289855957031
2016-05-30,77,123.06098937988281
2016-05-31,82,124.60382080078125
2016-06-01,96,123.316650390625
2016-06-02,97,123.72028350830078
2016-06-03,94,122.90851593017578
2016-06-06,95,122.8367691040039
2016-06-07,95,123.52743530273438
2016-06-08,52,125.13750457763672
2016-06-09,52,127.05255889892578
2016-06-10,51,127.2543716430664
2016-06-13,50,125.59942626953125
2016-06-14,50,126.12865447998047
2016-06-15,49,125.59048461914062
2016-06-16,49,126.22732543945312
2016-06-17,48,125.13302612304688
2016-06-20,49,125.77886199951172
2016-06-21,49,125.63981628417969
2016-06-22,49,124.79664611816406
2016-06-23,49,125.6981201171875
2016-06-24,50,124.07010650634766
2016-06-27,56,124.32125854492188
2016-06-28,55,127.95404052734375
2016-06-29,27,129.5775604248047
2016-06-30,26,131.3490753173828
2016-07-01,27,131.25489807128906
2016-07-04,20,132.85977172851562
2016-07-05,21,133.54946899414062
2016-07-07,37,131.92660522460938
2016-07-08,40,133.16180419921875
2016-07-11,41,136.02890014648438
2016-07-12,45,138.96359252929688
2016-07-13,46,140.3745880126953
2016-07-14,44,142.0155029296875
2016-07-15,44,147.50624084472656
2016-07-18,47,144.8014373779297
2016-07-19,46,146.79852294921875
2016-07-20,48,146.0140838623047
2016-07-21,42,145.36045837402344
2016-07-22,40,145.42808532714844
2016-07-25,3,146.821044921875
2016-07-26,0,149.60696411132812
2016-07-27,0,156.81527709960938
2016-07-28,0,151.86099243164062
2016-07-29,0,151.03599548339844
2016-08-01,6,152.33880615234375
2016-08-02,0,151.00897216796875
2016-08-03,0,152.00973510742188
2016-08-04,1,154.16458129882812
2016-08-05,40,156.67103576660156
2016-08-08,41,155.80545043945312
2016-08-09,45,154.18260192871094
2016-08-10,44,154.11497497558594
2016-08-11,36,154.232177734375
2016-08-12,19,155.80096435546875
2016-08-16,33,157.59967041015625
2016-08-17,36,159.89419555664062
2016-08-18,34,160.82740783691406
2016-08-19,31,161.21505737304688
2016-08-22,46,159.38934326171875
2016-08-23,42,158.5418243408203
2016-08-24,45,158.6500244140625
2016-08-25,45,157.365234375
2016-08-26,53,158.32546997070312
2016-08-29,78,159.86717224121094
2016-08-30,76,160.58847045898438
2016-08-31,76,158.05946350097656
2016-09-01,81,159.8311004638672
2016-09-02,90,160.25038146972656
2016-09-06,75,167.927490234375
2016-09-07,75,166.9357147216797
2016-09-08,81,166.6877899169922
2016-09-09,95,164.43377685546875
2016-09-12,93,157.3336639404297
2016-09-14,66,157.81153869628906
2016-09-15,70,158.11805725097656
2016-09-16,55,155.5755615234375
2016-09-19,61,159.57415771484375
2016-09-20,67,158.84835815429688
2016-09-21,70,158.07298278808594
2016-09-22,57,158.92501831054688
2016-09-23,54,158.34799194335938
2016-09-26,38,158.41561889648438
2016-09-27,21,158.71315002441406
2016-09-28,22,160.1016082763672
2016-09-29,8,151.32000732421875
2016-09-30,0,155.91818237304688
2016-10-03,16,159.3487548828125
2016-10-04,10,160.80935668945312
2016-10-05,8,161.17901611328125
2016-10-06,0,158.91148376464844
2016-10-07,7,159.77255249023438
2016-10-10,10,163.61782836914062
2016-10-13,29,159.79052734375
2016-10-14,39,157.10377502441406
2016-10-17,41,155.05262756347656
2016-10-18,31,160.7191619873047
2016-10-19,14,157.68080139160156
2016-10-20,13,156.95501708984375
2016-10-21,32,156.4546356201172
2016-10-24,28,154.32687377929688
2016-10-25,26,154.11949157714844
2016-10-26,21,150.40940856933594
2016-10-27,16,147.58740234375
2016-10-28,61,149.56192016601562
2016-11-01,69,149.92701721191406
2016-11-02,69,147.3214111328125
2016-11-03,71,144.1793212890625
2016-11-04,74,143.47608947753906
2016-11-07,51,144.30105590820312
2016-11-08,51,149.38607788085938
2016-11-09,53,151.54542541503906
2016-11-10,61,158.35699462890625
2016-11-11,68,155.1743621826172
2016-11-15,86,152.7174835205078
2016-11-16,91,153.1186981201172
2016-11-17,90,149.17420959472656
2016-11-18,100,152.5146484375
2016-11-21,78,146.22145080566406
2016-11-22,83,147.79022216796875
2016-11-23,73,148.87669372558594
2016-11-24,71,145.5858612060547
2016-11-25,50,150.91429138183594
2016-11-28,44,155.2960662841797
2016-11-29,42,153.0420684814453
2016-11-30,41,155.88661193847656
2016-12-01,44,151.13970947265625
2016-12-02,60,149.36355590820312
2016-12-05,65,148.63323974609375
2016-12-06,66,148.22300720214844
2016-12-07,57,148.43490600585938
2016-12-08,41,149.3815460205078
2016-12-09,40,148.4439239501953
2016-12-12,35,146.2710418701172
2016-12-13,9,147.132080078125
2016-12-14,80,146.9742889404297
2016-12-15,82,147.01939392089844
2016-12-16,77,145.90586853027344
2016-12-19,74,144.16131591796875
2016-12-20,70,143.49864196777344
2016-12-21,46,143.01174926757812
2016-12-22,46,141.24462890625
2016-12-23,46,141.3753662109375
2016-12-26,45,138.18821716308594
2016-12-27,46,142.47080993652344
2016-12-28,43,142.9171142578125
2016-12-29,43,144.2334442138672
2016-12-30,42,146.73536682128906
2017-01-02,42,147.3484649658203
2017-01-03,42,148.27259826660156
2017-01-04,43,147.005859375
2017-01-05,45,158.3660125732422
2017-01-06,46,157.96029663085938
2017-01-09,48,158.7266387939453
2017-01-10,50,160.89048767089844
2017-01-11,13,168.68934631347656
2017-01-12,13,169.9515838623047
2017-01-13,9,170.3122100830078
2017-01-16,11,170.71795654296875
2017-01-17,12,168.32870483398438
2017-01-18,38,172.29574584960938
2017-01-19,47,173.69320678710938
2017-01-20,54,167.3820037841797
2017-01-23,70,175.04562377929688
2017-01-24,68,174.86529541015625
2017-01-25,74,176.84881591796875
2017-01-27,67,176.12753295898438
2017-01-30,64,177.16436767578125
2017-01-31,57,178.65199279785156
2017-02-01,57,177.88565063476562
2017-02-02,53,174.82022094726562
2017-02-03,44,172.7915802001953
2017-02-06,41,173.42274475097656
2017-02-07,44,170.40237426757812
2017-02-08,42,170.6728515625
2017-02-09,48,174.59481811523438
2017-02-10,51,174.2341766357422
2017-02-13,39,169.275390625
2017-02-14,39,163.95594787597656
2017-02-15,83,165.26324462890625
2017-02-16,93,169.00489807128906
2017-02-17,91,166.70579528808594
2017-02-20,92,169.77125549316406
2017-02-21,95,168.55409240722656
2017-02-22,96,166.7959747314453
2017-02-23,55,168.55409240722656
2017-02-27,46,167.06643676757812
2017-02-28,43,168.55409240722656
2017-03-01,54,171.12367248535156
2017-03-02,55,165.443603515625
2017-03-03,60,165.89437866210938
2017-03-06,52,166.6607208251953
2017-03-07,50,163.59527587890625
2017-03-08,51,160.52987670898438
2017-03-09,55,159.4479217529297
2017-03-10,51,158.90695190429688
2017-03-14,44,164.00100708007812
2017-03-15,41,165.443603515625
2017-03-16,2,173.51287841796875
2017-03-17,7,173.107177734375
2017-03-20,7,175.00051879882812
2017-03-21,6,173.46780395507812
2017-03-22,8,168.32870483398438
2017-03-23,4,168.4639434814453
2017-03-24,23,168.41885375976562
2017-03-27,20,161.7920684814453
2017-03-28,29,163.7305450439453
2017-03-29,7,165.308349609375
2017-03-30,1,167.15660095214844
2017-03-31,29,169.68109130859375
2017-04-03,33,170.3122100830078
2017-04-05,19,176.53326416015625
2017-04-06,31,183.74606323242188
2017-04-07,90,180.18475341796875
2017-04-10,100,183.65586853027344
2017-04-11,56,179.1929931640625
2017-04-12,80,177.11929321289062
2017-04-13,100,171.98016357421875
2017-04-17,99,175.04562377929688
2017-04-18,53,168.86964416503906
2017-04-19,53,170.76303100585938
2017-04-20,61,170.6728515625
2017-04-21,36,168.8245849609375
2017-04-24,46,173.55795288085938
2017-04-25,34,175.3611602783203
2017-04-26,57,179.23805236816406
2017-04-27,59,178.7872772216797
2017-04-28,67,179.4183807373047
2017-05-02,77,176.53326416015625
2017-05-03,75,174.3243408203125
2017-05-04,56,174.9554443359375
2017-05-05,54,171.12367248535156
2017-05-08,61,172.47605895996094
2017-05-09,62,173.51287841796875
2017-05-10,54,178.0659637451172
2017-05-11,52,175.3611602783203
2017-05-12,45,177.7504119873047
2017-05-15,44,181.85269165039062
2017-05-16,37,181.8076171875
2017-05-17,32,186.36068725585938
2017-05-18,37,172.56619262695312
2017-05-19,44,174.45957946777344
2017-05-22,45,173.24241638183594
2017-05-23,55,174.50465393066406
2017-05-24,60,170.94334411621094
2017-05-25,73,173.87353515625
2017-05-26,73,179.28314208984375
2017-05-29,76,176.53326416015625
2017-05-30,75,175.8119659423828
2017-05-31,71,174.775146484375
2017-06-01,47,176.21768188476562
2017-06-02,41,175.58657836914062
2017-06-05,39,171.75477600097656
2017-06-06,43,173.19735717773438
2017-06-07,45,176.17259216308594
2017-06-08,45,179.46347045898438
2017-06-09,47,182.12318420410156
2017-06-12,50,181.2570037841797
2017-06-13,54,180.29965209960938
2017-06-14,52,180.75552368164062
2017-06-15,50,179.47909545898438
2017-06-16,49,177.65557861328125
2017-06-19,50,181.6672821044922
2017-06-20,48,182.12318420410156
2017-06-21,48,182.4878692626953
2017-06-22,26,180.20846557617188
2017-06-23,24,178.4305877685547
2017-06-27,30,176.9261474609375
2017-06-28,29,180.1173095703125
2017-06-29,37,187.22900390625
2017-06-30,78,185.45106506347656
2017-07-03,89,186.9554901123047
2017-07-04,83,189.9642791748047
2017-07-05,77,193.5657196044922
2017-07-06,67,193.70248413085938
2017-07-07,52,197.03038024902344
2017-07-10,53,198.8083038330078
2017-07-11,45,194.75099182128906
2017-07-12,66,195.02452087402344
2017-07-13,65,194.6142120361328
2017-07-14,67,196.16421508789062
2017-07-17,63,198.8083038330078
2017-07-18,66,197.0759735107422
2017-07-19,30,200.26708984375
2017-07-20,18,195.6627655029297
2017-07-21,18,195.7995147705078
2017-07-24,26,194.88772583007812
2017-07-25,0,196.11862182617188
2017-07-26,32,199.8112335205078
2017-07-27,28,195.84510803222656
2017-07-28,52,196.7568817138672
2017-07-31,52,201.72592163085938
2017-08-01,49,203.45822143554688
2017-08-02,41,200.3582763671875
2017-08-03,43,203.64060974121094
2017-08-04,45,208.1082000732422
2017-08-07,45,208.83761596679688
2017-08-08,54,210.4788055419922
2017-08-09,51,210.1140594482422
2017-08-10,62,203.0935516357422
2017-08-11,70,203.77737426757812
2017-08-14,75,211.84640502929688
2017-08-16,97,216.76988220214844
2017-08-17,100,213.89788818359375
2017-08-18,86,216.1316680908203
2017-08-21,62,213.0772705078125
2017-08-22,56,211.481689453125
2017-08-23,61,218.59339904785156
2017-08-24,57,224.33746337890625
2017-08-28,42,222.92422485351562
2017-08-29,41,225.11244201660156
2017-08-30,51,236.1902618408203
2017-08-31,51,231.9506072998047
2017-09-01,52,234.00205993652344
2017-09-04,46,232.31532287597656
2017-09-05,47,233.63735961914062
2017-09-06,54,239.88290405273438
2017-09-07,52,240.79464721679688
2017-09-08,36,240.20201110839844
2017-09-11,15,242.43582153320312
2017-09-12,16,245.9005126953125
2017-09-13,22,240.8402099609375
2017-09-14,24,242.2534942626953
2017-09-15,39,243.94021606445312
2017-09-18,58,239.38140869140625
2017-09-19,69,238.5608367919922
2017-09-20,78,236.28146362304688
2017-09-21,91,232.0417938232422
2017-09-22,100,225.15805053710938
2017-09-25,100,215.94932556152344
2017-09-26,81,220.96397399902344
2017-09-27,53,215.76693725585938
2017-09-28,53,217.8184051513672
2017-09-29,50,226.5256805419922
2017-10-03,45,227.89329528808594
2017-10-04,52,226.3433380126953
2017-10-05,53,227.07273864746094
2017-10-06,51,234.9594268798828
2017-10-09,52,234.6858673095703
2017-10-10,45,237.01087951660156
2017-10-11,43,233.81971740722656
2017-10-12,41,233.54617309570312
2017-10-13,38,231.63150024414062
2017-10-16,38,237.421142578125
2017-10-17,27,237.28439331054688
2017-10-18,8,235.91676330566406
2017-10-19,18,230.62855529785156
2017-10-23,18,237.421142578125
2017-10-24,6,236.55499267578125
2017-10-25,14,236.73731994628906
2017-10-26,28,237.01087951660156
2017-10-27,28,241.88873291015625
2017-10-30,44,240.5666961669922
2017-10-31,50,235.64324951171875
2017-11-01,49,241.3872833251953
2017-11-02,53,242.7093505859375
2017-11-03,61,243.0740509033203
2017-11-06,63,244.35049438476562
2017-11-07,74,240.74903869628906
2017-11-08,76,239.29025268554688
2017-11-09,78,240.7034454345703
2017-11-10,91,246.90338134765625
2017-11-13,100,240.5666961669922
2017-11-14,91,243.0284423828125
2017-11-15,86,232.90794372558594
2017-11-16,84,235.8255615234375
2017-11-17,56,243.0740509033203
2017-11-20,51,242.4813995361328
2017-11-21,50,245.12548828125
2017-11-22,49,244.85194396972656
2017-11-23,51,243.30198669433594
2017-11-24,51,241.79759216308594
2017-11-27,51,236.0535125732422
2017-11-28,51,233.09030151367188
2017-11-29,51,232.72560119628906
2017-11-30,48,232.36090087890625
2017-12-01,55,229.8079833984375
2017-12-04,54,229.62564086914062
2017-12-05,52,225.84182739257812
2017-12-06,49,220.78160095214844
2017-12-07,48,229.71682739257812
2017-12-08,19,230.17269897460938
2017-12-11,20,229.3065185546875
2017-12-12,20,227.89329528808594
2017-12-13,22,222.46835327148438
2017-12-14,24,221.0551300048828
2017-12-15,29,228.75946044921875
2017-12-18,37,231.54029846191406
2017-12-19,41,233.7741241455078
2017-12-20,47,238.9711456298828
2017-12-21,56,241.88873291015625
2017-12-22,56,241.15933227539062
2017-12-26,53,243.803466796875
2017-12-27,51,242.0255584716797
2017-12-28,46,247.35923767089844
2017-12-29,9,245.99163818359375
2018-01-01,21,242.34463500976562
2018-01-02,25,241.20489501953125
2018-01-03,29,244.98870849609375
2018-01-04,36,252.69302368164062
2018-01-05,56,259.9415283203125
2018-01-08,51,260.7620849609375
2018-01-09,60,258.9385681152344
2018-01-10,66,257.84442138671875
2018-01-11,48,257.61651611328125
2018-01-12,47,261.491455078125
2018-01-15,54,259.8503723144531
2018-01-16,59,256.38568115234375
2018-01-17,45,259.89593505859375
2018-01-18,42,255.10923767089844
2018-01-19,47,257.2062683105469
2018-01-22,46,254.06068420410156
2018-01-23,52,268.10174560546875
2018-01-24,59,263.17822265625
2018-01-25,63,265.13848876953125
2018-01-29,72,267.5546875
2018-01-30,72,263.5885009765625
2018-01-31,61,264.363525390625
2018-02-01,53,275.9428405761719
2018-02-02,34,272.6148986816406
2018-02-05,34,265.5487976074219
2018-02-06,44,258.2091979980469
2018-02-07,68,264.4091491699219
2018-02-08,87,277.3560485839844
2018-02-09,99,282.0516662597656
2018-02-12,86,283.32806396484375
2018-02-14,100,282.23394775390625
2018-02-15,65,280.6383361816406
2018-02-16,53,284.8324279785156
2018-02-19,53,275.9883728027344
2018-02-20,52,278.6325378417969
2018-02-21,57,271.9766540527344
2018-02-22,50,271.42962646484375
2018-02-23,42,279.8634033203125
2018-02-26,39,288.2059326171875
2018-02-27,47,290.0294494628906
2018-02-28,46,284.65008544921875
2018-03-01,47,278.54132080078125
2018-03-05,48,265.9135437011719
2018-03-06,52,267.6002197265625
2018-03-07,38,263.9532775878906
2018-03-08,38,263.7252502441406
2018-03-09,34,266.1870422363281
2018-03-12,30,271.5663757324219
2018-03-13,24,276.71783447265625
2018-03-14,43,273.93695068359375
2018-03-15,35,269.1046447753906
2018-03-16,31,264.63702392578125
2018-03-19,39,258.5738830566406
2018-03-20,47,260.3062438964844
2018-03-21,47,262.9502868652344
2018-03-22,56,260.7620849609375
2018-03-23,59,260.7620849609375
2018-03-26,56,267.9649658203125
2018-03-27,48,272.4781494140625
2018-03-28,42,262.72235107421875
2018-04-02,65,270.381103515625
2018-04-03,66,276.3074951171875
2018-04-04,34,269.742919921875
2018-04-05,64,281.18536376953125
2018-04-06,80,281.0030517578125
2018-04-09,77,282.09716796875
2018-04-10,87,283.8751220703125
2018-04-11,89,284.65008544921875
2018-04-12,100,281.0486145019531
2018-04-13,66,281.276611328125
2018-04-16,55,281.6412658691406
2018-04-17,61,281.8692321777344
2018-04-18,64,282.5986633300781
2018-04-19,85,294.3602600097656
2018-04-20,60,294.3602600097656
2018-04-23,61,293.4029541015625
2018-04-24,58,296.0926208496094
2018-04-25,53,293.31182861328125
2018-04-26,45,298.78228759765625
2018-04-27,56,298.6911315917969
2018-04-30,55,296.3205871582031
2018-05-02,6,287.3397521972656
2018-05-03,35,291.1235046386719
2018-05-04,32,289.3912353515625
2018-05-07,22,297.0499267578125
2018-05-08,0,295.4543762207031
2018-05-09,9,293.3573913574219
2018-05-10,30,291.3514709472656
2018-05-11,48,295.18084716796875
2018-05-14,58,300.0131530761719
2018-05-15,50,305.0278015136719
2018-05-16,55,306.8968811035156
2018-05-17,48,302.70281982421875
2018-05-18,53,291.26031494140625
2018-05-21,45,281.9604187011719
2018-05-22,67,290.3030090332031
2018-05-23,83,282.64422607421875
2018-05-24,80,286.4280090332031
2018-05-25,91,297.2779235839844
2018-05-28,92,298.2352600097656
2018-05-29,94,302.47491455078125
2018-05-30,88,303.20428466796875
2018-05-31,77,302.6116638183594
2018-06-01,62,302.6116638183594
2018-06-04,62,302.56610107421875
2018-06-05,66,300.05877685546875
2018-06-06,69,308.17333984375
2018-06-07,80,313.18804931640625
2018-06-08,67,312.9601135253906
2018-06-11,67,310.8630676269531
2018-06-12,69,311.2277526855469
2018-06-13,68,312.7321472167969
2018-06-14,73,309.1307067871094
2018-06-15,56,303.20428466796875
2018-06-18,46,298.28082275390625
2018-06-19,43,298.59991455078125
2018-06-20,42,305.5749206542969
2018-06-21,33,303.47784423828125
2018-06-22,0,307.216064453125
2018-06-25,13,302.79400634765625
2018-06-26,20,294.3602600097656
2018-06-27,35,290.2117919921875
2018-06-28,40,293.95001220703125
2018-06-29,58,297.9617004394531
2018-07-02,60,285.74420166015625
2018-07-03,59,284.1942443847656
2018-07-04,53,284.6044921875
2018-07-05,42,283.0545349121094
2018-07-06,47,284.2521667480469
2018-07-09,45,291.1874084472656
2018-07-10,42,295.51611328125
2018-07-11,37,291.69940185546875
2018-07-12,41,295.1902770996094
2018-07-13,45,294.3990173339844
2018-07-16,48,286.3931884765625
2018-07-17,51,286.1605224609375
2018-07-18,50,275.734375
2018-07-19,52,282.6230773925781
2018-07-20,53,283.13507080078125
2018-07-23,52,285.4623107910156
2018-07-24,48,296.2608642578125
2018-07-25,32,295.1902770996094
2018-07-26,0,290.721923828125
2018-07-27,0,300.9154052734375
2018-07-30,14,305.197509765625
2018-07-31,12,307.5713195800781
2018-08-01,15,304.91827392578125
2018-08-02,66,309.1073303222656
2018-08-03,68,313.99456787109375
2018-08-06,62,313.66876220703125
2018-08-07,69,316.9734802246094
2018-08-08,75,319.0680236816406
2018-08-09,53,319.2542419433594
2018-08-10,53,316.4149475097656
2018-08-13,63,318.462890625
2018-08-14,63,317.53204345703125
2018-08-16,59,305.476806640625
2018-08-17,57,310.9225769042969
2018-08-20,64,317.9508972167969
2018-08-21,69,318.2767333984375
2018-08-23,70,316.13568115234375
2018-08-24,70,330.28546142578125
2018-08-27,70,331.03021240234375
2018-08-28,66,340.8977966308594
2018-08-29,54,371.4314880371094
2018-08-30,28,370.407470703125
2018-08-31,30,368.9645690917969
2018-09-03,27,369.5696716308594
2018-09-04,18,363.8446044921875
2018-09-05,26,370.826416015625
2018-09-06,46,371.2453308105469
2018-09-07,56,378.5063781738281
2018-09-10,59,373.4794921875
2018-09-11,63,367.89404296875
2018-09-12,67,372.1296691894531
2018-09-14,63,379.90277099609375
2018-09-17,54,383.39361572265625
2018-09-18,33,379.01837158203125
2018-09-19,36,388.2343444824219
2018-09-21,32,379.8096008300781
2018-09-24,36,372.7813415527344
2018-09-25,41,375.7601623535156
2018-09-26,51,379.90277099609375
2018-09-27,54,372.6416320800781
2018-09-28,64,355.2803039550781
2018-10-01,63,354.53558349609375
2018-10-03,56,356.90936279296875
2018-10-04,52,351.5101013183594
2018-10-05,46,341.2701110839844
2018-10-08,26,350.25335693359375
2018-10-09,18,345.73846435546875
2018-10-10,78,350.76531982421875
2018-10-11,79,336.7087097167969
2018-10-12,82,353.4649658203125
2018-10-15,87,350.76531982421875
2018-10-16,98,347.78643798828125
2018-10-17,44,336.662109375
2018-10-19,40,338.3843078613281
2018-10-22,39,330.564697265625
2018-10-23,46,323.48980712890625
2018-10-24,49,327.6323547363281
2018-10-25,43,328.98211669921875
2018-10-26,44,314.13421630859375
2018-10-29,46,316.5080261230469
2018-10-30,51,312.5982360839844
2018-10-31,52,315.9494934082031
2018-11-01,47,319.0680236816406
2018-11-02,49,328.4236145019531
2018-11-05,51,329.2148742675781
2018-11-06,26,326.5152587890625
2018-11-07,31,326.5152587890625
2018-11-09,21,323.48980712890625
2018-11-12,18,320.74365234375
2018-11-13,17,324.0483703613281
2018-11-14,49,316.13568115234375
2018-11-15,57,320.7901916503906
2018-11-16,86,311.9466247558594
2018-11-19,73,313.38946533203125
2018-11-20,55,305.56988525390625
2018-11-21,48,303.5218811035156
2018-11-22,47,297.7968444824219
2018-11-26,34,295.65570068359375
2018-11-27,29,289.6979675292969
2018-11-28,35,287.51031494140625
2018-11-29,33,295.51611328125
2018-11-30,40,292.5372009277344
2018-12-03,30,293.14227294921875
2018-12-04,30,291.6528015136719
2018-12-05,25,283.32122802734375
2018-12-06,35,284.29864501953125
2018-12-07,25,281.5059814453125
2018-12-10,28,273.7794494628906
2018-12-11,27,280.1561584472656
2018-12-12,36,281.5525207519531
2018-12-13,36,277.4565124511719
2018-12-14,32,272.84857177734375
2018-12-17,30,279.1322021484375
2018-12-18,48,284.3452453613281
2018-12-19,59,289.5117492675781
2018-12-20,62,287.3706970214844
2018-12-21,91,286.71905517578125
2018-12-24,86,272.0107421875
2018-12-26,92,275.8274230957031
2018-12-27,56,272.7088928222656
2018-12-28,44,277.5030822753906
2018-12-31,43,285.5553894042969
2019-01-01,27,282.9488830566406
2019-01-02,30,268.7525634765625
2019-01-03,9,263.12054443359375
2019-01-04,21,268.0543518066406
2019-01-07,37,269.82305908203125
2019-01-08,45,273.59326171875
2019-01-09,55,270.6609191894531
2019-01-10,56,269.3110656738281
2019-01-11,60,268.84564208984375
2019-01-14,60,264.2842102050781
2019-01-15,55,271.9176330566406
2019-01-16,49,266.6580505371094
2019-01-17,54,269.0318603515625
2019-01-18,47,265.86676025390625
2019-01-21,34,264.93585205078125
2019-01-22,33,258.7918395996094
2019-01-23,32,261.491455078125
2019-01-24,34,264.0514831542969
2019-01-25,38,255.6732940673828
2019-01-28,49,249.25009155273438
2019-01-29,52,252.22897338867188
2019-01-30,49,250.3206329345703
2019-01-31,47,255.62681579589844
2019-02-01,55,255.95257568359375
2019-02-04,52,254.60279846191406
2019-02-05,47,254.6493377685547
2019-02-06,42,260.0020446777344
2019-02-07,40,254.2304229736328
2019-02-08,28,244.68865966796875
2019-02-11,67,243.52499389648438
2019-02-12,70,252.9737091064453
2019-02-14,77,261.2587585449219
2019-02-15,83,248.4587860107422
2019-02-18,94,243.80426025390625
2019-02-19,55,248.41226196289062
2019-02-20,53,255.1147918701172
2019-02-21,62,257.907470703125
2019-02-22,61,266.0994567871094
2019-02-25,54,267.91473388671875
2019-02-26,49,264.8427734375
2019-02-27,53,264.3772888183594
2019-02-28,64,261.67767333984375
2019-03-01,63,262.60858154296875
2019-03-05,56,271.079833984375
2019-03-06,62,269.9162292480469
2019-03-07,68,269.6834716796875
2019-03-08,69,266.6114501953125
2019-03-11,55,272.4296569824219
2019-03-12,46,271.63836669921875
2019-03-13,39,266.4718322753906
2019-03-14,36,267.076904296875
2019-03-15,35,268.51983642578125
2019-03-18,47,274.5707702636719
2019-03-19,50,268.5663757324219
2019-03-20,47,262.7947692871094
2019-03-22,48,266.0063781738281
2019-03-25,50,259.5365295410156
2019-03-26,48,261.9104309082031
2019-03-27,43,267.6354675292969
2019-03-28,37,268.3336181640625
2019-04-01,33,272.10382080078125
2019-04-02,39,267.26312255859375
2019-04-03,69,269.86962890625
2019-04-04,77,267.91473388671875
2019-04-05,72,273.9190673828125
2019-04-08,74,270.3350830078125
2019-04-09,68,271.4056396484375
2019-04-10,71,268.6129150390625
2019-04-11,68,267.1700134277344
2019-04-12,67,267.0303955078125
2019-04-15,61,271.96417236328125
2019-04-16,73,271.079833984375
2019-04-18,78,278.48046875
2019-04-22,71,271.12640380859375
2019-04-23,69,268.38018798828125
2019-04-24,71,272.1503601074219
2019-04-25,65,266.7976379394531
2019-04-26,63,273.68634033203125
2019-04-30,29,287.04486083984375
2019-05-02,5,285.4623107910156
2019-05-03,14,287.51031494140625
2019-05-06,13,276.1998596191406
2019-05-07,0,268.1940002441406
2019-05-08,15,269.2645568847656
2019-05-09,28,265.72711181640625
2019-05-10,22,267.495849609375
2019-05-13,36,257.76788330078125
2019-05-14,0,261.5845947265625
2019-05-15,3,249.94825744628906
2019-05-16,13,256.88348388671875
2019-05-17,0,257.3023986816406
2019-05-20,0,265.7736511230469
2019-05-21,13,260.0951232910156
2019-05-22,55,257.814453125
2019-05-23,46,256.88348388671875
2019-05-24,64,268.1009216308594
2019-05-27,58,267.86822509765625
2019-05-28,42,272.7088928222656
2019-05-29,28,261.1656799316406
2019-05-30,30,257.4886169433594
2019-05-31,10,252.92718505859375
2019-06-03,30,255.5802459716797
2019-06-04,33,255.25440979003906
2019-06-06,28,248.27264404296875
2019-06-07,25,244.26971435546875
2019-06-10,28,248.41226196289062
2019-06-11,14,254.463134765625
2019-06-12,35,252.5082244873047
2019-06-13,30,255.39407348632812
2019-06-14,30,252.5082244873047
2019-06-17,33,242.22174072265625
2019-06-18,11,245.34024047851562
2019-06-19,0,242.5475616455078
2019-06-20,0,250.64642333984375
2019-06-21,3,248.69149780273438
2019-06-24,17,239.98753356933594
2019-06-25,23,248.5984649658203
2019-06-26,39,258.0006103515625
2019-06-27,28,258.1867370605469
2019-06-28,53,257.4886169433594
2019-07-01,42,256.6972961425781
2019-07-02,46,257.0697021484375
2019-07-03,64,258.23333740234375
2019-07-04,53,256.045654296875
2019-07-05,48,248.22605895996094
2019-07-08,46,247.9424285888672
2019-07-09,41,251.97637939453125
2019-07-10,38,244.82093811035156
2019-07-11,77,256.7306213378906
2019-07-12,81,257.3069152832031
2019-07-15,82,260.236328125
2019-07-16,78,263.0696716308594
2019-07-17,81,261.14874267578125
2019-07-18,100,255.578125
2019-07-19,90,248.80686950683594
2019-07-22,79,253.9453125
2019-07-23,69,252.88876342773438
2019-07-24,49,245.15711975097656
2019-07-25,48,238.81808471679688
2019-07-26,52,239.82656860351562
2019-07-29,100,231.85476684570312
2019-07-30,85,221.14566040039062
2019-07-31,71,228.0609588623047
2019-08-01,77,216.34335327148438
2019-08-02,84,216.24729919433594
2019-08-05,100,209.09188842773438
2019-08-06,95,208.94781494140625
2019-08-07,70,203.85739135742188
2019-08-08,68,212.93373107910156
2019-08-09,69,211.87722778320312
2019-08-13,92,211.4449920654297
2019-08-14,60,218.7445068359375
2019-08-16,60,218.168212890625
2019-08-19,83,217.25576782226562
2019-08-20,70,215.9591827392578
2019-08-21,67,210.34048461914062
2019-08-22,79,208.41957092285156
2019-08-23,78,211.92523193359375
2019-08-26,87,205.6342315673828
2019-08-27,78,204.96192932128906
2019-08-28,71,197.61441040039062
2019-08-29,73,203.5692596435547
2019-08-30,66,208.85177612304688
2019-09-03,84,201.84042358398438
2019-09-04,69,206.3065643310547
2019-09-05,78,207.69923400878906
2019-09-06,85,209.33200073242188
2019-09-09,86,210.8207244873047
2019-09-11,98,218.6964874267578
2019-09-12,100,213.2698974609375
2019-09-13,100,217.25576782226562
2019-09-16,88,216.7275390625
2019-09-17,85,207.65121459960938
2019-09-18,74,212.6455841064453
2019-09-19,59,210.8687286376953
2019-09-20,59,228.6852569580078
2019-09-23,64,234.0637969970703
2019-09-24,66,224.12307739257812
2019-09-25,45,225.1315460205078
2019-09-26,52,226.14002990722656
2019-09-27,53,223.01853942871094
2019-09-30,32,220.85751342773438
2019-10-01,32,213.8461456298828
2019-10-03,36,212.78965759277344
2019-10-04,36,206.1624755859375
2019-10-07,24,199.7754364013672
2019-10-09,0,204.38563537597656
2019-10-10,7,205.29806518554688
2019-10-11,0,208.65966796875
2019-10-14,0,212.693603515625
2019-10-15,11,210.9647674560547
2019-10-16,22,211.58908081054688
2019-10-17,18,214.13427734375
2019-10-18,46,214.51849365234375
2019-10-22,55,211.01280212402344
2019-10-23,49,213.89418029785156
2019-10-24,44,214.03826904296875
2019-10-25,47,208.7557373046875
2019-10-29,60,224.9874725341797
2019-10-30,100,225.1315460205078
2019-10-31,91,218.984619140625
2019-11-01,82,228.2050323486328
2019-11-04,100,240.30679321289062
2019-11-05,100,236.32089233398438
2019-11-06,48,238.43389892578125
2019-11-07,47,242.659912109375
2019-11-08,49,240.1147003173828
2019-11-11,44,241.93959045410156
2019-11-13,36,238.91415405273438
2019-11-14,42,236.03274536132812
2019-11-15,38,235.07229614257812
2019-11-18,37,239.73052978515625
2019-11-19,24,238.09774780273438
2019-11-20,31,238.86610412597656
2019-11-21,32,235.55255126953125
2019-11-22,35,241.31527709960938
2019-11-25,37,249.8633575439453
2019-11-26,38,243.23619079589844
2019-11-27,0,242.9480438232422
2019-11-28,3,253.51312255859375
2019-11-29,3,251.2080078125
2019-12-02,3,257.4990234375
2019-12-03,1,247.07803344726562
2019-12-04,0,249.52720642089844
2019-12-05,22,241.5073699951172
2019-12-06,40,244.05259704589844
2019-12-09,44,248.61476135253906
2019-12-10,62,241.07518005371094
2019-12-11,63,240.06668090820312
2019-12-12,40,245.4932861328125
2019-12-13,59,247.41421508789062
2019-12-16,87,243.09213256835938
2019-12-17,87,248.71084594726562
2019-12-18,87,253.9453125
2019-12-19,94,254.3775177001953
2019-12-20,100,254.2334747314453
2019-12-23,95,253.2729949951172
2019-12-24,99,256.2024230957031
2019-12-26,63,258.5074768066406
2019-12-27,54,258.26739501953125
2019-12-30,47,260.38043212890625
2019-12-31,46,259.37188720703125
2020-01-01,54,257.4990234375
2020-01-02,47,265.51885986328125
2020-01-03,50,261.6770324707031
2020-01-06,54,253.80125427246094
2020-01-07,50,254.76171875
2020-01-08,47,252.1204376220703
2020-01-09,55,267.1036071777344
2020-01-10,45,266.9115295410156
2020-01-13,36,267.5838317871094
2020-01-14,37,269.7928771972656
2020-01-15,29,271.3296203613281
2020-01-16,28,266.47930908203125
2020-01-17,23,262.5414123535156
2020-01-20,33,260.62054443359375
2020-01-21,31,256.6826477050781
2020-01-22,27,255.33798217773438
2020-01-23,30,256.1063232421875
2020-01-24,50,261.14874267578125
2020-01-27,55,252.4085693359375
2020-01-28,48,245.15711975097656
2020-01-29,54,250.9198760986328
2020-01-30,59,246.78990173339844
2020-01-31,59,240.7870330810547
2020-02-03,61,241.55538940429688
2020-02-04,70,248.13455200195312
2020-02-05,76,258.603515625
2020-02-06,75,265.51885986328125
2020-02-07,79,268.25616455078125
2020-02-10,78,266.9115295410156
2020-02-11,66,277.3324890136719
2020-02-12,64,282.0867614746094
2020-02-13,51,281.7506103515625
2020-02-14,48,277.7167053222656
2020-02-17,56,276.7562255859375
2020-02-18,58,273.53863525390625
2020-02-19,61,269.744873046875
2020-02-20,65,270.65728759765625
2020-02-24,70,248.71084594726562
2020-02-25,68,252.21649169921875
2020-02-26,68,250.4876708984375
2020-02-27,63,242.1316680908203
2020-02-28,52,226.38014221191406
2020-03-02,55,225.70782470703125
2020-03-03,60,236.705078125
2020-03-04,63,235.88868713378906
2020-03-05,63,237.3773956298828
2020-03-06,62,229.35757446289062
2020-03-09,71,219.99310302734375
2020-03-11,78,214.66253662109375
2020-03-12,100,195.1652374267578
2020-03-13,91,206.40260314941406
2020-03-16,100,178.6453399658203
2020-03-17,100,169.4729766845703
2020-03-18,100,157.85140991210938
2020-03-19,100,156.84292602539062
2020-03-20,61,168.80064392089844
2020-03-23,60,138.69024658203125
2020-03-24,52,141.2834930419922
2020-03-25,50,145.7976531982422
2020-03-26,53,143.87673950195312
2020-03-27,50,145.4615020751953
2020-03-30,49,136.76931762695312
2020-03-31,42,140.46710205078125
2020-04-01,34,137.34561157226562
2020-04-03,12,135.13658142089844
2020-04-07,16,151.8485565185547
2020-04-08,1,148.4869384765625
2020-04-09,1,159.7243194580078
2020-04-13,32,161.0209197998047
2020-04-15,41,164.6226348876953
2020-04-16,52,163.9022979736328
2020-04-17,58,170.2893524169922
2020-04-20,58,160.87686157226562
2020-04-21,58,153.2892303466797
2020-04-22,64,154.8259735107422
2020-04-23,72,153.6253662109375
2020-04-24,68,147.19032287597656
2020-04-27,70,151.08016967773438
2020-04-28,47,153.09713745117188
2020-04-29,50,157.61131286621094
2020-04-30,48,173.5068817138672
2020-05-04,77,157.0830535888672
2020-05-05,77,157.41920471191406
2020-05-06,82,159.24407958984375
2020-05-07,69,165.39102172851562
2020-05-08,64,161.98138427734375
2020-05-11,33,167.64808654785156
2020-05-12,45,171.15374755859375
2020-05-13,40,175.13967895507812
2020-05-14,60,168.2723846435547
2020-05-15,57,167.40797424316406
2020-05-18,56,156.79490661621094
2020-05-19,44,162.60568237304688
2020-05-20,44,164.28648376464844
2020-05-21,45,163.18194580078125
2020-05-22,34,159.5802459716797
2020-05-26,50,169.28086853027344
2020-05-27,53,177.4927978515625
2020-05-28,55,176.8684844970703
2020-05-29,47,176.91651916503906
2020-06-01,40,186.28099060058594
2020-06-02,46,184.55215454101562
2020-06-03,57,185.08041381835938
2020-06-04,62,184.40809631347656
2020-06-05,70,189.25840759277344
2020-06-08,73,187.24143981933594
2020-06-09,75,182.53521728515625
2020-06-10,69,183.3996124267578
2020-06-11,67,177.3487091064453
2020-06-12,68,181.4786834716797
2020-06-15,57,176.4842987060547
2020-06-16,56,182.53521728515625
2020-06-17,75,184.26402282714844
2020-06-18,87,185.75274658203125
2020-06-19,100,186.61717224121094
2020-06-22,74,190.12283325195312
2020-06-23,90,193.67652893066406
2020-06-24,72,186.2329559326172
2020-06-25,72,185.89682006835938
2020-06-26,60,185.0323944091797
2020-06-29,49,183.15948486328125
2020-06-30,51,181.86289978027344
2020-07-01,37,183.8798370361328
2020-07-02,24,186.76123046875
2020-07-03,27,183.3996124267578
2020-07-06,26,188.05862426757812
2020-07-07,30,187.1759490966797
2020-07-08,10,191.5893096923828
2020-07-09,26,193.6488800048828
2020-07-10,30,189.5787811279297
2020-07-13,41,194.58059692382812
2020-07-14,46,190.3143310546875
2020-07-15,10,191.14796447753906
2020-07-16,23,197.27764892578125
2020-07-17,25,202.7698516845703
2020-07-20,15,202.8188934326172
2020-07-21,4,205.9082489013672
2020-07-22,10,203.01504516601562
2020-07-23,25,205.31980895996094
2020-07-24,26,201.0535430908203
2020-07-27,24,202.9659881591797
2020-07-28,8,210.76295471191406
2020-07-29,14,213.3619384765625
2020-07-30,39,210.2235565185547
2020-07-31,43,216.0099639892578
2020-08-03,33,216.30418395996094
2020-08-04,57,223.70884704589844
2020-08-05,56,230.6231231689453
2020-08-06,61,234.88937377929688
2020-08-07,62,235.57589721679688
2020-08-10,67,240.47964477539062
2020-08-11,57,248.86505126953125
2020-08-12,55,251.8563232421875
2020-08-13,49,253.6217041015625
2020-08-14,54,260.24176025390625
2020-08-17,57,264.409912109375
2020-08-18,75,271.8145751953125
2020-08-19,68,273.1876220703125
2020-08-20,60,277.2087097167969
2020-08-21,56,276.47314453125
2020-08-24,53,280.2490234375
2020-08-25,52,279.4153747558594
2020-08-26,56,280.6903991699219
2020-08-27,69,283.7306823730469
2020-08-28,73,275.2962646484375
2020-08-31,72,264.6060791015625
2020-09-01,77,281.2787780761719
2020-09-02,75,287.3594665527344
2020-09-03,63,287.7517395019531
2020-09-04,52,276.91448974609375
2020-09-07,50,280.98455810546875
2020-09-08,52,275.7375793457031
2020-09-09,57,281.3278503417969
2020-09-10,74,279.8567199707031
2020-09-11,64,282.2595520019531
2020-09-14,56,284.27008056640625
2020-09-15,54,284.0249328613281
2020-09-16,52,283.0931701660156
2020-09-17,52,281.3278503417969
2020-09-18,54,282.1614990234375
2020-09-21,54,266.0771789550781
2020-09-22,53,266.6656494140625
2020-09-23,55,263.0368957519531
2020-09-24,39,253.5726318359375
2020-09-25,4,263.1839904785156
2020-09-28,14,271.66748046875
2020-09-29,13,278.63079833984375
2020-09-30,0,272.4030456542969
2020-10-01,0,276.6202392578125
2020-10-05,14,284.5152893066406
2020-10-06,21,285.7412414550781
2020-10-07,32,285.83929443359375
2020-10-08,35,287.3104248046875
2020-10-09,41,286.3786926269531
2020-10-12,40,279.66058349609375
2020-10-13,39,284.3681945800781
2020-10-14,21,285.0546875
2020-10-15,29,285.9373474121094
2020-10-16,38,305.06195068359375
2020-10-19,39,307.4648132324219
2020-10-20,41,312.5647277832031
2020-10-21,29,316.7328796386719
2020-10-22,38,319.2337951660156
2020-10-23,34,315.06561279296875
2020-10-26,26,302.3648986816406
2020-10-27,34,303.0024108886719
2020-10-28,47,299.96209716796875
2020-10-29,64,300.893798828125
2020-10-30,71,303.0514221191406
2020-11-02,73,303.3946838378906
2020-11-03,52,308.69073486328125
2020-11-04,47,311.7310791015625
2020-11-05,37,321.3914489746094
2020-11-06,34,320.16552734375
2020-11-09,38,326.6875
2020-11-10,35,328.3547668457031
2020-11-11,58,336.1517028808594
2020-11-12,61,331.4931335449219
2020-11-13,58,336.5930480957031
2020-11-17,51,334.3863830566406
2020-11-18,56,336.0046081542969
2020-11-19,64,324.8240966796875
2020-11-20,66,329.67877197265625
2020-11-23,72,331.24798583984375
2020-11-24,73,334.2882995605469
2020-11-25,71,331.73834228515625
2020-11-26,35,352.2850646972656
2020-11-27,34,343.4582824707031
2020-12-01,42,351.2552490234375
2020-12-02,41,361.30792236328125
2020-12-03,86,363.7107849121094
2020-12-04,65,363.2694091796875
2020-12-07,69,357.973388671875
2020-12-08,46,355.6686096191406
2020-12-09,44,354.884033203125
2020-12-10,33,355.3253479003906
2020-12-11,40,352.7263488769531
2020-12-14,42,350.6177673339844
2020-12-15,42,358.8560485839844
2020-12-16,40,363.465576171875
2020-12-17,19,359.1502990722656
2020-12-18,25,357.18878173828125
2020-12-21,3,346.69476318359375
2020-12-22,13,354.9820861816406
2020-12-23,30,359.78778076171875
2020-12-24,49,359.1993103027344
2020-12-28,66,379.1575622558594
2020-12-29,70,374.449951171875
2020-12-30,63,378.66717529296875
2020-12-31,48,379.74603271484375
2021-01-01,52,382.1979064941406
2021-01-04,55,395.33990478515625
2021-01-05,55,387.64105224609375
2021-01-06,54,393.96685791015625
2021-01-07,76,397.5956115722656
2021-01-08,73,395.0947265625
2021-01-11,77,391.36785888671875
2021-01-12,74,391.8582458496094
2021-01-13,83,395.19281005859375
2021-01-14,94,388.7688903808594
2021-01-15,92,386.61126708984375
2021-01-18,93,375.7249450683594
2021-01-19,86,387.78814697265625
2021-01-20,81,393.1822509765625
2021-01-21,92,385.72857666015625
2021-01-22,88,368.17315673828125
2021-01-25,84,375.08746337890625
2021-01-27,95,369.0068054199219
2021-01-28,97,369.0558166503906
2021-01-29,84,359.78778076171875
2021-02-01,73,373.5182800292969
2021-02-02,64,381.5113525390625
2021-02-03,76,385.33624267578125
2021-02-04,82,392.59381103515625
2021-02-05,83,394.457275390625
2021-02-08,72,409.60980224609375
2021-02-09,60,398.62542724609375
2021-02-10,48,402.8426513671875
2021-02-11,35,400.979248046875
2021-02-12,22,396.02642822265625
2021-02-15,5,395.9283752441406
2021-02-16,12,399.8023376464844
2021-02-17,33,400.8321228027344
2021-02-18,28,399.8023376464844
2021-02-19,0,388.0333251953125
2021-02-22,0,398.28216552734375
2021-02-23,0,404.65704345703125
2021-02-24,8,400.2436828613281
2021-02-25,10,413.6308898925781
2021-02-26,12,387.8371887207031
2021-03-01,28,397.3014221191406
2021-03-02,10,405.3435363769531
2021-03-03,8,419.90765380859375
2021-03-04,17,406.128173828125
2021-03-05,17,398.5763854980469
2021-03-08,16,399.99847412109375
2021-03-09,22,393.8688049316406
2021-03-10,11,406.03009033203125
2021-03-12,34,410.68865966796875
2021-03-15,35,421.3787841796875
2021-03-16,35,417.7500305175781
2021-03-17,19,414.366455078125
2021-03-18,35,415.0039367675781
2021-03-19,38,432.0689697265625
2021-03-22,43,436.7275085449219
2021-03-23,48,433.2948913574219
2021-03-24,39,428.9305725097656
2021-03-25,45,429.56805419921875
2021-03-26,46,436.6294860839844
2021-03-30,33,458.45111083984375
2021-03-31,31,459.431884765625
2021-04-01,31,498.9560546875
2021-04-05,13,507.53759765625
2021-04-06,14,527.1035766601562
2021-04-07,25,551.4751586914062
2021-04-08,32,602.2778930664062
2021-04-09,17,609.045166015625
2021-04-12,47,592.51953125
2021-04-13,65,618.215087890625
2021-04-15,73,616.9891967773438
2021-04-16,72,607.4758911132812
2021-04-19,78,603.9452514648438
2021-04-20,76,608.6527709960938
2021-04-22,56,628.4149169921875
2021-04-23,45,623.1679077148438
2021-04-26,39,643.1751708984375
2021-04-27,31,653.080810546875
2021-04-28,37,649.893310546875
2021-04-29,36,712.51416015625
2021-04-30,34,704.0306396484375
2021-05-03,29,709.32666015625
2021-05-04,32,701.6278686523438
2021-05-05,42,703.883544921875
2021-05-06,41,715.7505493164062
2021-05-07,38,742.3779296875
2021-05-10,38,744.0452880859375
2021-05-11,32,720.1149291992188
2021-05-12,22,694.2722778320312
2021-05-14,41,693.4876098632812
2021-05-17,46,700.6470947265625
2021-05-18,54,703.6383666992188
2021-05-19,66,692.2616577148438
2021-05-20,69,681.130126953125
2021-05-21,66,684.7589111328125
2021-05-24,69,668.3314208984375
2021-05-25,66,687.3088989257812
2021-05-26,54,669.0670166015625
2021-05-27,50,668.7236328125
2021-05-28,52,676.5206298828125
2021-05-31,54,697.2144775390625
2021-06-01,53,681.130126953125
2021-06-02,52,692.4578247070312
2021-06-03,52,700.3528442382812
2021-06-04,48,707.3162231445312
2021-06-07,50,701.9710693359375
2021-06-08,52,693.8798828125
2021-06-09,51,684.4156494140625
2021-06-10,44,692.212646484375
2021-06-11,35,717.1236572265625
2021-06-14,27,715.1130981445312
2021-06-15,14,711.1410522460938
2021-06-16,16,691.8203735351562
2021-06-17,22,682.9445190429688
2021-06-18,23,657.6902465820312
2021-06-21,24,659.9950561523438
2021-06-22,13,662.250732421875
2021-06-23,17,652.6884765625
2021-06-24,40,665.9285278320312
2021-06-25,41,676.2264404296875
2021-06-28,37,681.9638061523438
2021-06-29,24,672.6957397460938
2021-06-30,24,670.7342529296875
2021-07-01,33,667.4486694335938
2021-07-02,43,658.3767700195312
2021-07-05,38,666.25
2021-07-06,14,673.1500244140625
2021-07-07,60,690.4000244140625
2021-07-08,64,668.25
2021-07-09,70,681.5499877929688
2021-07-12,72,694.4500122070312
2021-07-13,78,701.4000244140625
2021-07-14,69,700.4000244140625
2021-07-15,56,699.0999755859375
2021-07-16,49,703.5999755859375
2021-07-19,46,698.4000244140625
2021-07-20,46,682.0
2021-07-22,44,716.5499877929688
2021-07-23,47,717.5499877929688
2021-07-26,51,704.5499877929688
2021-07-27,52,710.6500244140625
2021-07-28,58,721.7000122070312
2021-07-29,55,748.4000244140625
2021-07-30,57,736.9500122070312
2021-08-02,57,746.7000122070312
2021-08-03,56,740.2999877929688
2021-08-04,40,747.25
2021-08-05,18,763.25
2021-08-06,20,757.3499755859375
2021-08-09,17,747.3499755859375
2021-08-10,17,722.1500244140625
2021-08-11,20,749.0999755859375
2021-08-12,21,748.9000244140625
2021-08-13,38,749.0499877929688
2021-08-16,48,761.6500244140625
2021-08-17,51,744.25
2021-08-18,55,737.4500122070312
2021-08-20,50,684.5999755859375
2021-08-23,50,684.2000122070312
2021-08-24,30,691.6500244140625
2021-08-25,40,683.8499755859375
2021-08-26,41,672.0
2021-08-27,31,677.5
2021-08-30,12,686.5499877929688
2021-08-31,10,687.5999755859375
2021-09-01,31,676.6500244140625
2021-09-02,37,685.0499877929688
2021-09-03,47,690.9000244140625
2021-09-06,66,686.6500244140625
2021-09-07,69,683.7999877929688
2021-09-08,52,687.0499877929688
2021-09-09,47,688.9500122070312
2021-09-13,12,694.4000244140625
2021-09-14,9,693.6500244140625
2021-09-15,32,696.6500244140625
2021-09-16,51,689.4500122070312
2021-09-17,52,682.2999877929688
2021-09-20,52,633.2000122070312
2021-09-21,43,668.9500122070312
2021-09-22,43,678.5499877929688
2021-09-23,40,677.25
2021-09-24,55,659.1500244140625
2021-09-27,61,648.6500244140625
2021-09-28,77,660.8499755859375
2021-09-29,83,679.7999877929688
2021-09-30,74,668.2999877929688
2021-10-01,80,674.25
2021-10-04,71,681.1500244140625
2021-10-05,54,679.3499755859375
2021-10-06,65,659.25
2021-10-07,75,666.5499877929688
2021-10-08,100,665.8499755859375
2021-10-11,88,672.4000244140625
2021-10-12,89,673.75
2021-10-13,93,681.4500122070312
2021-10-14,100,692.8499755859375
2021-10-18,100,715.7999877929688
2021-10-19,92,691.5499877929688
2021-10-20,90,685.1500244140625
2021-10-21,69,674.0999755859375
2021-10-22,58,667.7999877929688
2021-10-25,62,674.25
2021-10-26,55,694.3499755859375
2021-10-27,54,684.9000244140625
2021-10-28,49,667.4500122070312
2021-10-29,48,669.1500244140625
2021-11-01,54,688.9500122070312
2021-11-02,55,672.8499755859375
2021-11-03,53,680.25
2021-11-04,49,680.25
2021-11-08,41,685.8499755859375
2021-11-09,31,676.6500244140625
2021-11-10,11,662.4000244140625
2021-11-11,0,667.4000244140625
2021-11-12,0,671.3499755859375
2021-11-15,3,661.5
2021-11-16,0,664.9000244140625
2021-11-17,4,662.3499755859375
2021-11-18,15,650.5499877929688
2021-11-22,27,657.0
2021-11-23,44,683.2999877929688
2021-11-24,48,683.25
2021-11-25,37,680.9000244140625
2021-11-26,33,628.6500244140625
2021-11-29,41,625.5999755859375
2021-11-30,46,608.4000244140625
2021-12-01,53,637.2000122070312
2021-12-02,52,646.75
2021-12-03,70,644.5499877929688
2021-12-06,56,642.8499755859375
2021-12-07,42,660.6500244140625
2021-12-08,35,672.9500122070312
2021-12-09,34,674.0999755859375
2021-12-10,27,679.5499877929688
2021-12-13,28,670.5499877929688
2021-12-14,41,670.2999877929688
2021-12-15,40,658.5
2021-12-16,13,662.1500244140625
2021-12-17,0,660.25
2021-12-20,2,642.5999755859375
2021-12-21,14,658.2999877929688
2021-12-22,22,661.0
2021-12-23,42,650.25
2021-12-24,30,651.2999877929688
2021-12-27,15,653.0499877929688
2021-12-28,12,657.3499755859375
2021-12-29,15,655.9000244140625
2021-12-30,18,645.7999877929688
2021-12-31,18,655.9500122070312
2022-01-03,12,667.0499877929688
2022-01-04,31,670.4000244140625
2022-01-05,39,694.5
2022-01-06,49,673.9500122070312
2022-01-07,53,672.8499755859375
2022-01-10,59,672.0999755859375
2022-01-11,51,645.7000122070312
2022-01-12,47,657.0499877929688
2022-01-13,51,687.8499755859375
2022-01-14,58,682.7000122070312
2022-01-17,51,699.4000244140625
2022-01-18,42,680.2000122070312
2022-01-19,45,674.6500244140625
2022-01-20,47,682.5
2022-01-21,41,666.25
2022-01-24,52,621.7999877929688
2022-01-25,100,631.1500244140625
2022-01-27,76,626.0999755859375
2022-01-28,91,628.0499877929688
2022-01-31,89,628.9500122070312
2022-02-01,100,654.2999877929688
2022-02-02,92,659.8499755859375
2022-02-03,78,653.1500244140625
2022-02-04,87,657.3499755859375
2022-02-07,77,651.1500244140625
2022-02-08,62,660.0999755859375
2022-02-09,50,663.0499877929688
2022-02-10,44,672.5499877929688
2022-02-11,36,671.4000244140625
2022-02-14,35,626.5499877929688
2022-02-15,43,640.6500244140625
2022-02-16,50,638.0
2022-02-17,46,638.2000122070312
2022-02-18,57,632.8499755859375
2022-02-21,57,623.0999755859375
2022-02-22,60,622.0
2022-02-23,54,614.7000122070312
2022-02-24,50,569.3499755859375
2022-02-25,65,598.5999755859375
2022-02-28,73,627.4500122070312
2022-03-02,72,644.5999755859375
2022-03-03,67,654.7000122070312
2022-03-04,73,631.9500122070312
2022-03-07,71,637.1500244140625
2022-03-08,75,629.8499755859375
2022-03-09,100,627.1500244140625
2022-03-10,100,650.75
2022-03-11,100,669.75
2022-03-14,100,664.8499755859375
2022-03-15,92,641.1500244140625
2022-03-16,100,655.25
2022-03-17,100,685.0999755859375
2022-03-21,64,681.2999877929688
2022-03-22,53,696.5
2022-03-23,55,704.4000244140625
2022-03-24,52,715.0999755859375
2022-03-25,45,721.3499755859375
2022-03-28,34,730.0999755859375
2022-03-29,26,753.9000244140625
2022-03-30,20,717.5499877929688
2022-03-31,21,732.6500244140625
2022-04-01,29,732.2000122070312
2022-04-04,30,732.7000122070312
2022-04-05,23,733.4500122070312
2022-04-06,25,737.4000244140625
2022-04-07,15,728.0499877929688
2022-04-08,13,756.5999755859375
2022-04-11,10,767.4000244140625
2022-04-12,7,755.9000244140625
2022-04-13,3,766.3499755859375
2022-04-18,12,767.8499755859375
2022-04-19,6,746.4000244140625
2022-04-20,20,738.8499755859375
2022-04-21,30,734.2000122070312
2022-04-22,25,723.4000244140625
2022-04-25,25,715.7000122070312
2022-04-26,21,721.2000122070312
2022-04-27,15,720.5999755859375
2022-04-28,35,729.0999755859375
2022-04-29,37,727.1500244140625
2022-05-02,34,731.9500122070312
2022-05-04,17,711.5499877929688
2022-05-05,30,707.75
2022-05-06,23,690.4000244140625
2022-05-09,32,678.3499755859375
2022-05-10,28,645.2999877929688
2022-05-11,27,648.9500122070312
2022-05-12,71,624.7999877929688
2022-05-13,88,600.4500122070312
2022-05-16,96,602.2999877929688
2022-05-17,90,641.8499755859375
2022-05-18,95,631.0499877929688
2022-05-19,100,600.2000122070312
2022-05-20,89,631.0999755859375
2022-05-23,63,547.5499877929688
2022-05-24,58,539.7000122070312
2022-05-25,54,528.4500122070312
2022-05-26,55,551.7000122070312
2022-05-27,56,548.4000244140625
2022-05-30,51,538.8499755859375
2022-05-31,49,551.25
2022-06-01,52,569.5
2022-06-02,52,573.4000244140625
2022-06-03,47,562.4500122070312
2022-06-06,47,579.0
2022-06-07,45,572.0999755859375
2022-06-08,44,576.1500244140625
2022-06-09,40,572.2000122070312
2022-06-10,27,572.5
2022-06-13,0,564.0
2022-06-14,0,561.9000244140625
2022-06-15,10,563.0
2022-06-16,13,545.8499755859375
2022-06-17,20,554.5999755859375
2022-06-20,43,550.3499755859375
2022-06-21,47,576.2000122070312
2022-06-22,51,550.4000244140625
2022-06-23,55,558.9500122070312
2022-06-24,59,567.7999877929688
2022-06-27,55,571.6500244140625
2022-06-28,50,578.4000244140625
2022-06-29,44,576.0499877929688
2022-06-30,44,564.5
2022-07-01,44,578.8499755859375
2022-07-04,47,551.5
2022-07-05,51,552.6500244140625
2022-07-06,65,554.5499877929688
2022-07-07,65,574.5999755859375
2022-07-08,60,566.2000122070312
2022-07-11,64,577.2999877929688
2022-07-12,62,574.4500122070312
2022-07-13,51,588.5999755859375
2022-07-14,44,584.0
2022-07-15,24,576.4000244140625
2022-07-18,15,585.9500122070312
2022-07-19,20,584.8499755859375
2022-07-20,0,590.3499755859375
2022-07-21,13,587.5499877929688
2022-07-22,25,582.4500122070312
2022-07-25,37,585.5
2022-07-26,27,597.75
2022-07-27,0,602.7000122070312
2022-07-28,9,616.7000122070312
2022-07-29,68,629.5999755859375
2022-08-01,61,639.2000122070312
2022-08-02,76,648.7000122070312
2022-08-03,82,652.7999877929688
2022-08-04,78,664.3499755859375
2022-08-05,89,667.1500244140625
2022-08-08,70,669.2000122070312
2022-08-10,47,670.0999755859375
2022-08-11,46,673.5999755859375
2022-08-12,45,678.2000122070312
2022-08-16,43,673.8499755859375
2022-08-17,44,672.5999755859375
2022-08-18,44,673.4000244140625
2022-08-19,42,664.5499877929688
2022-08-22,48,642.9500122070312
2022-08-23,51,652.8499755859375
2022-08-24,50,651.5
2022-08-25,51,648.7000122070312
2022-08-26,41,667.0
2022-08-29,37,649.5999755859375
2022-08-30,15,666.9000244140625
2022-09-01,1,661.5999755859375
2022-09-02,8,661.4000244140625
2022-09-05,17,681.9500122070312
2022-09-06,24,684.5499877929688
2022-09-07,6,684.5999755859375
2022-09-08,41,685.3499755859375
2022-09-09,64,686.9500122070312
2022-09-12,64,686.9500122070312
2022-09-13,55,691.0499877929688
2022-09-14,51,692.8499755859375
2022-09-15,31,689.6500244140625
2022-09-16,24,685.8499755859375
2022-09-19,29,679.9500122070312
2022-09-20,36,689.0
2022-09-21,45,684.8499755859375
2022-09-22,47,679.3499755859375
2022-09-23,52,669.0
2022-09-26,52,646.1500244140625
2022-09-27,76,637.0
2022-09-28,99,616.5
2022-09-29,79,618.25
2022-09-30,85,631.6500244140625
2022-10-03,92,623.5499877929688
2022-10-04,100,643.2000122070312
2022-10-06,79,674.4500122070312
2022-10-07,57,666.0499877929688
2022-10-10,48,666.0
2022-10-11,62,642.75
2022-10-12,62,651.0999755859375
2022-10-13,68,648.3499755859375
2022-10-14,66,640.25
2022-10-17,58,631.4500122070312
2022-10-18,45,636.75
2022-10-19,37,625.9000244140625
2022-10-20,36,628.4000244140625
2022-10-21,34,622.0499877929688
2022-10-24,40,622.0499877929688
2022-10-25,19,644.3499755859375
2022-10-27,0,679.5999755859375
2022-10-28,1,670.4000244140625
2022-10-31,16,673.9500122070312
2022-11-01,19,686.3499755859375
2022-11-02,38,684.2000122070312
2022-11-03,30,680.2000122070312
2022-11-04,39,701.75
2022-11-07,32,710.0
2022-11-09,33,706.5499877929688
2022-11-10,30,701.0499877929688
2022-11-11,48,719.0
2022-11-14,55,719.4000244140625
2022-11-15,76,722.3499755859375
2022-11-16,72,708.25
2022-11-17,75,708.5999755859375
2022-11-18,79,708.2000122070312
2022-11-21,62,696.5499877929688
2022-11-22,59,708.25
2022-11-23,44,720.5499877929688
2022-11-24,42,725.9500122070312
2022-11-25,39,726.2000122070312
2022-11-28,47,715.6500244140625
2022-11-29,31,732.5499877929688
2022-11-30,37,743.4000244140625
2022-12-01,44,746.2999877929688
2022-12-02,52,743.0499877929688
2022-12-05,46,756.5999755859375
2022-12-06,39,746.75
2022-12-07,41,738.1500244140625
2022-12-08,30,744.7000122070312
2022-12-09,8,740.4000244140625
2022-12-12,9,740.8499755859375
2022-12-13,8,744.25
2022-12-14,8,757.9500122070312
2022-12-15,19,743.3499755859375
2022-12-16,30,743.4500122070312
2022-12-19,71,749.4500122070312
2022-12-20,80,745.7999877929688
2022-12-21,91,743.0999755859375
2022-12-22,79,737.5499877929688
2022-12-23,80,727.8499755859375
2022-12-26,71,732.2000122070312
2022-12-27,74,764.9500122070312
2022-12-28,75,761.7000122070312
2022-12-29,59,769.4000244140625
2022-12-30,57,768.0499877929688
2023-01-02,64,775.2999877929688
2023-01-03,53,767.9000244140625
2023-01-04,50,736.2999877929688
2023-01-05,56,750.7000122070312
2023-01-06,52,728.3499755859375
2023-01-09,52,742.3499755859375
2023-01-10,59,745.2000122070312
2023-01-11,72,754.2000122070312
2023-01-12,76,763.4500122070312
2023-01-13,72,768.5
2023-01-16,68,759.2000122070312
2023-01-17,67,757.5
2023-01-18,42,767.1500244140625
2023-01-19,38,760.0499877929688
2023-01-20,37,741.4500122070312
2023-01-23,52,733.9500122070312
2023-01-24,50,722.0499877929688
2023-01-25,56,724.6500244140625
2023-01-27,61,721.3499755859375
2023-01-30,76,701.7000122070312
2023-01-31,80,716.4500122070312
2023-02-01,82,729.7000122070312
2023-02-02,76,727.4000244140625
2023-02-03,74,731.8499755859375
2023-02-06,61,711.0499877929688
2023-02-07,58,714.0999755859375
2023-02-08,45,731.9500122070312
2023-02-09,41,723.75
2023-02-10,38,718.9500122070312
2023-02-13,40,718.0499877929688
2023-02-14,40,723.8499755859375
2023-02-15,49,727.1500244140625
2023-02-16,50,727.9500122070312
2023-02-17,50,728.4000244140625
2023-02-20,47,723.3499755859375
2023-02-21,46,720.0999755859375
2023-02-22,42,699.9500122070312
2023-02-23,28,701.2999877929688
2023-02-24,1,685.0
2023-02-27,0,680.5
2023-02-28,1,667.2000122070312
2023-03-01,4,676.7000122070312
2023-03-02,7,675.0999755859375
2023-03-03,4,682.2999877929688
2023-03-06,3,674.25
2023-03-08,5,675.4000244140625
2023-03-09,24,680.2000122070312
2023-03-10,28,679.4000244140625
2023-03-13,37,675.5999755859375
2023-03-14,32,672.0499877929688
2023-03-15,15,679.6500244140625
2023-03-16,29,662.4000244140625
2023-03-17,45,676.4000244140625
2023-03-20,80,668.1500244140625
2023-03-21,81,665.75
2023-03-22,62,662.25
2023-03-23,58,667.7999877929688
2023-03-24,47,657.7999877929688
2023-03-27,40,658.8499755859375
2023-03-28,33,660.0
2023-03-29,29,678.9000244140625
2023-03-31,56,688.0999755859375
2023-04-03,66,682.2000122070312
2023-04-05,100,686.5499877929688
2023-04-06,73,682.7000122070312
2023-04-10,67,688.5
2023-04-11,93,713.5999755859375
2023-04-12,92,718.25
2023-04-13,100,720.6500244140625
2023-04-17,93,721.2000122070312
2023-04-18,91,719.3499755859375
2023-04-19,65,722.3499755859375
2023-04-20,59,715.7999877929688
2023-04-21,60,710.6500244140625
2023-04-24,64,720.3499755859375
2023-04-25,67,725.0
2023-04-26,56,723.4500122070312
2023-04-27,51,732.0999755859375
2023-04-28,51,725.2999877929688
2023-05-02,46,737.9000244140625
2023-05-03,58,732.4500122070312
2023-05-04,31,738.7000122070312
2023-05-05,25,733.3499755859375
2023-05-08,0,732.7999877929688
2023-05-09,20,724.5999755859375
2023-05-10,26,724.3499755859375
2023-05-11,41,710.5999755859375
2023-05-12,40,702.6500244140625
2023-05-15,46,705.5499877929688
2023-05-16,73,702.75
2023-05-17,80,695.0999755859375
2023-05-18,75,692.0499877929688
2023-05-19,79,693.8499755859375
2023-05-22,78,704.5999755859375
2023-05-23,56,704.0999755859375
2023-05-24,63,696.0
2023-05-25,59,696.6500244140625
2023-05-26,61,701.7000122070312
2023-05-29,52,702.2000122070312
2023-05-30,49,704.5999755859375
2023-05-31,45,696.2999877929688
2023-06-01,49,693.8499755859375
2023-06-02,51,706.5999755859375
2023-06-05,48,712.1500244140625
2023-06-06,51,712.8499755859375
2023-06-07,52,729.75
2023-06-08,54,748.7999877929688
2023-06-09,55,748.5
2023-06-12,47,747.2999877929688
2023-06-13,34,756.6500244140625
2023-06-14,36,772.8499755859375
2023-06-15,32,770.5999755859375
2023-06-16,32,776.0999755859375
2023-06-19,30,771.6500244140625
2023-06-20,38,773.1500244140625
2023-06-21,44,758.75
2023-06-22,45,752.3499755859375
2023-06-23,46,746.5
2023-06-26,53,748.7999877929688
2023-06-27,58,762.5
2023-06-28,56,783.4000244140625
2023-06-30,56,784.7999877929688
2023-07-03,55,794.0
2023-07-04,50,796.6500244140625
2023-07-05,41,791.9000244140625
2023-07-06,11,795.5499877929688
2023-07-07,1,788.4000244140625
2023-07-10,23,810.5999755859375
2023-07-11,51,797.4000244140625
2023-07-12,58,805.7000122070312
2023-07-13,74,802.1500244140625
2023-07-14,94,804.8499755859375
2023-07-17,97,798.1500244140625
2023-07-18,45,790.9000244140625
2023-07-19,44,791.9000244140625
2023-07-20,44,799.0499877929688
2023-07-21,42,786.4500122070312
2023-07-24,41,775.6500244140625
2023-07-25,50,800.5499877929688
2023-07-26,59,805.4500122070312
2023-07-27,67,793.75
2023-07-28,78,804.1500244140625
2023-07-31,67,816.75
2023-08-01,62,820.9000244140625
2023-08-02,55,804.25
2023-08-03,47,804.4500122070312
2023-08-04,50,805.9500122070312
2023-08-07,45,813.0499877929688
2023-08-08,38,801.2999877929688
2023-08-09,34,823.4500122070312
2023-08-10,36,831.5
2023-08-11,57,820.6500244140625
2023-08-14,65,799.4500122070312
2023-08-16,87,795.2999877929688
2023-08-17,79,789.75
2023-08-18,75,787.0999755859375
2023-08-21,51,794.75
2023-08-22,49,795.2000122070312
2023-08-23,54,797.9000244140625
2023-08-24,44,787.9000244140625
2023-08-25,37,773.1500244140625
2023-08-28,34,773.0
2023-08-29,35,782.6500244140625
2023-08-30,44,787.1500244140625
2023-08-31,51,779.6500244140625
2023-09-01,48,806.4000244140625
2023-09-04,39,809.7999877929688
2023-09-05,38,815.9500122070312
2023-09-06,48,814.9000244140625
2023-09-07,51,819.2999877929688
2023-09-08,14,815.75
2023-09-11,8,824.25
2023-09-12,7,816.2000122070312
2023-09-13,13,810.7000122070312
2023-09-14,19,810.3499755859375
2023-09-15,33,812.8499755859375
2023-09-18,39,808.7999877929688
2023-09-20,51,786.75
2023-09-21,65,778.3499755859375
2023-09-22,76,774.0499877929688
2023-09-25,68,779.9000244140625
2023-09-26,42,779.6500244140625
2023-09-27,43,779.5999755859375
2023-09-28,38,768.0999755859375
2023-09-29,37,779.5999755859375
2023-10-03,34,770.25
2023-10-04,37,756.5999755859375
2023-10-05,40,755.5
2023-10-06,51,765.2000122070312
2023-10-09,45,757.5499877929688
2023-10-10,30,771.9000244140625
2023-10-11,33,777.25
2023-10-12,33,783.4500122070312
2023-10-13,39,777.25
2023-10-16,57,790.7000122070312
2023-10-17,67,790.1500244140625
2023-10-18,70,784.4000244140625
2023-10-19,70,780.4500122070312
2023-10-20,71,769.4000244140625
2023-10-23,67,748.9500122070312
2023-10-25,58,748.2999877929688
2023-10-26,59,728.7000122070312
2023-10-27,54,732.0
2023-10-30,56,734.5
2023-10-31,56,736.3499755859375
2023-11-01,55,724.4500122070312
2023-11-02,53,733.3499755859375
2023-11-03,59,746.0499877929688
2023-11-06,70,754.0
2023-11-07,67,748.5999755859375
2023-11-08,62,756.7000122070312
2023-11-09,57,750.8499755859375
2023-11-10,55,754.75
2023-11-13,36,761.0999755859375
2023-11-15,12,772.8499755859375
2023-11-16,8,769.1500244140625
2023-11-17,14,768.7999877929688
2023-11-20,36,761.8499755859375
2023-11-21,44,775.7999877929688
2023-11-22,49,768.4500122070312
2023-11-23,55,775.5499877929688
2023-11-24,44,782.0499877929688
2023-11-28,32,782.3499755859375
2023-11-29,40,793.25
2023-11-30,48,801.0999755859375
2023-12-01,68,810.7999877929688
2023-12-04,60,819.5999755859375
2023-12-05,56,821.7000122070312
2023-12-06,51,824.7000122070312
2023-12-07,54,819.1500244140625
2023-12-08,50,839.3499755859375
2023-12-11,62,845.0999755859375
2023-12-12,54,853.8499755859375
2023-12-13,51,851.4000244140625
2023-12-14,45,847.4000244140625
2023-12-15,45,867.2000122070312
2023-12-18,41,854.9000244140625
2023-12-19,35,858.7000122070312
2023-12-20,35,842.25
2023-12-21,33,841.9000244140625
2023-12-22,53,855.2999877929688
2023-12-26,46,852.2999877929688
2023-12-27,36,875.9000244140625
2023-12-28,41,880.7999877929688
2023-12-29,47,880.25
2024-01-01,63,877.5999755859375
2024-01-02,58,870.2000122070312
2024-01-03,64,837.6500244140625
2024-01-04,66,837.0999755859375
2024-01-05,77,829.4000244140625
2024-01-08,61,821.9500122070312
2024-01-09,54,821.4000244140625
2024-01-10,55,829.7999877929688
2024-01-11,62,822.0499877929688
2024-01-12,62,825.7999877929688
2024-01-15,62,825.1500244140625
2024-01-16,55,832.2999877929688
2024-01-17,54,812.6500244140625
2024-01-18,54,803.6500244140625
2024-01-19,54,816.6500244140625
2024-01-23,49,790.4000244140625
2024-01-24,48,812.2000122070312
2024-01-25,41,815.7000122070312
2024-01-29,11,811.7000122070312
2024-01-30,11,812.0
